Record Id,Category,Sub Category,Skill,isRequired
RBXTZIUF,8JYsNyZX,paZTuwn4,Demonstrates how to lay solid surface protection,TRUE
A870US6E,8JYsNyZX,paZTuwn4,Demonstrates how to lay carpetsaver,TRUE
GW7OEZVB,8JYsNyZX,paZTuwn4,Can explain why corner protectors are used and demonstrates what corners to use them on,TRUE
MBHOEHEZ,8JYsNyZX,paZTuwn4,can list 3 types of tape used and when to use them,TRUE
9W0SVJ5S,8JYsNyZX,paZTuwn4,Demonstrates set up and crerate a zip wall door,TRUE
MYZQUO08,8JYsNyZX,paZTuwn4,Demonstrates how to properly seal tape to a surface,TRUE
OWB5KR3C,8JYsNyZX,paZTuwn4,Can explain why not to unhook or hook up a gas/ water line,TRUE
TMK7DI6D,8JYsNyZX,paZTuwn4,Can explain how to protect surfaces when moving a fridge to a new location,TRUE
EXIRAS77,8JYsNyZX,jefE624Q,Can list 5 items inspected during a QC for cleanliness,TRUE
OH9A77OY,8JYsNyZX,jefE624Q,Can explain where dust bags should be stored and why,TRUE
B3W7QGKN,8JYsNyZX,jefE624Q,Can explain where stain rags/ carpet pads should be kept and why,TRUE
MZACQ3OS,8JYsNyZX,jefE624Q,Can explain why all nails must be removed from trim and walls,TRUE
0COEV2GU,8JYsNyZX,jefE624Q,Can explain expectations of keeping equipment clean,TRUE
M0ZVVC5U,y6ZXyYam,218pXetn,Demonstrates checking the vacuum bag before starting to use and can explain when to replace paper bag,TRUE
J0R7WH2N,y6ZXyYam,218pXetn,Can explain why you should check the felt head for softness,TRUE
Y4KTCYCA,8JYsNyZX,7fqhRGZj,Demonstrates how to overlap each path of head,TRUE
QAMW2L7O,8JYsNyZX,7fqhRGZj,"Demonstrates how to work across the room ""short passes""",TRUE
89NGTP8P,8JYsNyZX,7fqhRGZj,Demonstrates how to vacume all edges,TRUE
K6DY7D6V,8JYsNyZX,HiwY3UPz,Can give an examples of when to wet tack vs dry tack,TRUE
6Q4PO6M0,8JYsNyZX,HiwY3UPz,Demonstrates how to overlap,TRUE
K4903IL3,8JYsNyZX,HiwY3UPz,Demonstrates how to not lift and turn while tacking,TRUE
W7R20N33,8JYsNyZX,HiwY3UPz,Demonstrate how wet the microfiber head should be to tack,TRUE
QA94FONM,8JYsNyZX,bIn96jPx,"Can explain general movement through floor ""where to go next""",TRUE
HIHRRQ6P,8JYsNyZX,bIn96jPx,Understands how far ahead you can get from roller,TRUE
53SSDRLT,8JYsNyZX,bIn96jPx,Demonstrates applying the proper amount of material,TRUE
3M89XSWY,8JYsNyZX,bIn96jPx,"Demonstrates finishing top, bottom and luvers of vents",TRUE
B2O3NBKW,8JYsNyZX,bIn96jPx,Demonstrates finishing nosings and steps with no drips,TRUE
SXCLV718,8JYsNyZX,bIn96jPx,Can identify dry spots and knows to look for them  for the roller,TRUE
MAUTDJ6A,8JYsNyZX,bIn96jPx,Demonstrates how to clean the pad properly,TRUE
6XOCVPQI,8JYsNyZX,IVNvFqkz,Can explain what the importance of using different roller covers for sealer and finish,TRUE
QD8T5P0R,8JYsNyZX,IVNvFqkz,Demonstrates how to properly load the roller with material,TRUE
4AI0OWNX,8JYsNyZX,IVNvFqkz,Demonstrates pouring a proper amount of material on the floor,TRUE
4K78720H,8JYsNyZX,IVNvFqkz,Demonstrates how to roll out of a bucket with a bag,TRUE
FUS3ERGM,8JYsNyZX,IVNvFqkz,"Can explain the general movement through floor ""where to go next""",TRUE
1XHGR41P,8JYsNyZX,IVNvFqkz,Demonstrates how to feather properly,TRUE
QNAIFE3O,8JYsNyZX,IVNvFqkz,Demonstrates how to back down a hall or out of a room,TRUE
F4HGQKQV,8JYsNyZX,IVNvFqkz,Demonstrates how to properly clean the roller,TRUE
M3KQUMBW,8JYsNyZX,IVNvFqkz,Has rolled a coat of sealer 3 times,TRUE
GK7K4269,8JYsNyZX,IVNvFqkz,Has rolled 1st coat of finish 3 times,TRUE
2YEI2FM3,8JYsNyZX,aUcOjURA,Can explain what batching stain is and why it needs to be done,TRUE
AF5RP4EF,8JYsNyZX,aUcOjURA,Demonstrates how to feather stain to avoid overlap mark,TRUE
NSM05UNF,8JYsNyZX,aUcOjURA,Understands buffer does walls 1st to avoid overlap marks,TRUE
VG3DD22D,8JYsNyZX,aUcOjURA,"Understands general movement through floor ""where to go next""",TRUE
OSXQI7F5,8JYsNyZX,aUcOjURA,Demonstrates applying a proper amount of material to rag/ sponge,TRUE
TUY3CHTJ,8JYsNyZX,aUcOjURA,Demonstrates how to aplly stain to edges by hand,TRUE
KO1FXP5D,8JYsNyZX,aUcOjURA,Demonstrates how to wipe stain off properly,TRUE
C6MCB9T5,8JYsNyZX,aUcOjURA,Demonstrates how to apply stain without getting on trim/ other non stain items,TRUE
YZ7HDX80,8JYsNyZX,DTnhrYFl,Demonstrates removing shoe with out damaging wall/trim,TRUE
C0THN83F,8JYsNyZX,DTnhrYFl,Demonstrates numbering and bundeling shoe,TRUE
JP5RR3YM,lq4mtIrq,Jc2ZE54P,"Can identify miter angles 22, 45, 90",TRUE
YDBLAG7N,lq4mtIrq,Jc2ZE54P,Demonstrates how to cut an inside miter,TRUE
7FHC9WGE,8JYsNyZX,DTnhrYFl,Demonstrates how to cut an outside miter,TRUE
H9W5UFT7,8JYsNyZX,DTnhrYFl,Demonstrates standard door removal,TRUE
4WGGLVY7,8JYsNyZX,DTnhrYFl,Demonstrates standard door installation,TRUE
DTARTE4C,8JYsNyZX,DTnhrYFl,Demonstrates bifold door removal,TRUE
4EX5FOKQ,8JYsNyZX,DTnhrYFl,Demonstrates bifold door installation,TRUE
QPKQ1MVO,lq4mtIrq,1DmB6lgI,Can identify proper vent size,TRUE
5SOF0MYC,lq4mtIrq,1DmB6lgI,Demonstrates how to lay out and mark vent location,TRUE
QSZ2HNJG,lq4mtIrq,1DmB6lgI,Demonstrates how to install a wood flush mount vent into an existing floor,TRUE
B5J25Y2P,lq4mtIrq,1DmB6lgI,Demonstrates how to install a wood flush mount vent into a new floor,TRUE
G5BNI2NR,y6ZXyYam,H55WxUFk,Demonstrates setting up air sled,TRUE
5EBPGI29,y6ZXyYam,H55WxUFk,Can explain the what white plastic pieces are for,TRUE
QT7LPS1M,y6ZXyYam,H55WxUFk,Demonstrates moving a fridge with air sled,TRUE
EBGESF1N,8JYsNyZX,o4Iw2Zba,Can explain when this sander should be used,TRUE
CJJSMOWT,y6ZXyYam,hKsfkYwk,Demonstrates putting sandpaper on properly,TRUE
9JO9YWKI,8JYsNyZX,o4Iw2Zba,Can identify where the edger cuts,TRUE
4D44PG7Z,y6ZXyYam,hKsfkYwk,Demonstrates adjusting wheels,TRUE
4JD6YONS,8JYsNyZX,o4Iw2Zba,Demonstrates how to flatten floor with 36/60,TRUE
31CJ08NG,8JYsNyZX,o4Iw2Zba,Can explain what the purpose of 80-100 grit sanding is for,TRUE
17XFOZZG,8JYsNyZX,o4Iw2Zba,Demonstrates removing scratch with 100 grit,TRUE
15MO9YMG,8JYsNyZX,o4Iw2Zba,Demonstrates how to sand parallel with the wall with minimal scratch,TRUE
NPBN4KVV,8JYsNyZX,o4Iw2Zba,Demonstrates how to feather an outside corner and not leave a ridge,TRUE
CJH3L8ZT,8JYsNyZX,o4Iw2Zba,Demonstrates how to sand perpendicular with the wall with minimal scratch,TRUE
J76FZ94Z,8JYsNyZX,OrFf5BQ7,Demonstrates how to remove cover of breaker panel,TRUE
X7519V88,8JYsNyZX,OrFf5BQ7,Can identify the neutral bus bar in panel,TRUE
WJJI24BF,8JYsNyZX,OrFf5BQ7,Can identify the ground bus bar in panel,TRUE
M8DI2PNA,8JYsNyZX,OrFf5BQ7,Can identify the hot bus bar in panel,TRUE
40EWJFXK,8JYsNyZX,OrFf5BQ7,Can explain identify the differences in breakers,TRUE
48M62KVG,8JYsNyZX,OrFf5BQ7,Can explain How to hook power up in a breaker panel,TRUE
ORH9DXTF,8JYsNyZX,OrFf5BQ7,Demonstrates how to safley remove a breaker,TRUE
A4119IIR,8JYsNyZX,OrFf5BQ7,Demonstrates how to install a new breaker,TRUE
4JC2LEBW,8JYsNyZX,OrFf5BQ7,Demonstrates hooking up sub-panel to breaker,TRUE
JPR45SPJ,8JYsNyZX,OrFf5BQ7,Demonstrates turning breaker and sub pannel on,TRUE
59SIDUZ9,8JYsNyZX,OrFf5BQ7,Can explain why and when to use booster box,TRUE
ZJIV3VZ6,8JYsNyZX,OrFf5BQ7,Demonstrates hooking up all cords to each machine from sub-panel,TRUE
BK4OUKE1,8JYsNyZX,OrFf5BQ7,Demonstrates diconecting power from panel,TRUE
21GDV1LY,8JYsNyZX,LKh05ag6,Understands when this sander should be used,TRUE
2OEHLHT5,y6ZXyYam,8c7b5bae,Demonstrates putting sandpaper on properly,TRUE
GISNDYDB,8JYsNyZX,LKh05ag6,Can identify where the edger cuts,TRUE
NBENRM2Y,y6ZXyYam,8c7b5bae,Demonstrates how to adjust wheels,TRUE
CX5OBU7T,8JYsNyZX,LKh05ag6,Demonstrates how to falten floor with 36/60,TRUE
MXBEVM6S,8JYsNyZX,LKh05ag6,Can explain what the purpose of 80-100 grit sanding is for,TRUE
NQCLSDCR,8JYsNyZX,LKh05ag6,Demonstrates removing scratch with 100 grit,TRUE
HBJO94SM,8JYsNyZX,LKh05ag6,Demonstrates how to sand parallel with the wall with minimal scratch,TRUE
JM03TR7L,8JYsNyZX,LKh05ag6,Demonstrates how to sand perpendicular with the wall with minimal scratch,TRUE
OT21R9M8,y6ZXyYam,8c7b5bae,Demonstrates how to adjust/tighten belt,TRUE
622LA1CE,y6ZXyYam,mvaMS4IU,Can explain when this sander should be used,TRUE
T0R9B6A1,y6ZXyYam,mvaMS4IU,Demonstrates putting sandpaper on properly,TRUE
QYA0YUI3,8JYsNyZX,5egAWOly,Can identify where the drum cuts,TRUE
LY2H1207,y6ZXyYam,mvaMS4IU,Demonstrates how to adjust drum pressure,TRUE
PH16HDOK,y6ZXyYam,mvaMS4IU,Demonstrates how to hook up dust collection and power to sander,TRUE
2UNUREXD,8JYsNyZX,5egAWOly,Demonstrates how to manage dust hose and power cord properly when alone,TRUE
RVEVJ0DK,8JYsNyZX,5egAWOly,Can explain when to ask for help managing cords and hoses,TRUE
S8R3D2D4,8JYsNyZX,5egAWOly,Demonstrates how to feather drum with out leaving a drum mark,TRUE
P8WDOE3S,8JYsNyZX,5egAWOly,Demonstrates how to stager in center of room,TRUE
Q6QDP5EW,8JYsNyZX,5egAWOly,Can identify and demonstrates how to remove a drum mark,TRUE
BA3JEMH4,8JYsNyZX,5egAWOly,Can identify and demonstrates how to remove a ridge,TRUE
DN5ZFV8W,8JYsNyZX,5egAWOly,Can explain why and demonstrates how to cut on an angle,TRUE
XXZ3O68X,8JYsNyZX,5egAWOly,Can identify and remove scratch patterns from the belt sander on all grits,TRUE
B1SMXPUY,8JYsNyZX,18JxK532,Can explain when and why this sander should be used,TRUE
C1FQDK07,y6ZXyYam,7a8214e2,Demonstrates putting sandpaper on properly line the holes up for dust collection,TRUE
XPOMX25G,8JYsNyZX,18JxK532,Can identify swirl marks and sctrach left from edger using a sanding light,TRUE
JK7TY4GL,8JYsNyZX,18JxK532,Demonstrates how to remove swirl marks,TRUE
ZEG6L12B,8JYsNyZX,18JxK532,Can explain the scratch levels expectations of natural  vs stain,TRUE
2CAW9ZJ0,8JYsNyZX,w0rAZkVr,Can explain when and why this sander should be used,TRUE
LQ5H4NQY,y6ZXyYam,892b7d74,Demonstrates putting sandpaper on properly,TRUE
VJI9RDG4,y6ZXyYam,892b7d74,Demonstrates putting different interface pads on the sander,TRUE
V56T9EC0,y6ZXyYam,892b7d74,Can list 3 different heads for the sander and their uses,TRUE
QKYH79MC,y6ZXyYam,892b7d74,Demonstrates installing and removing the planetary head on sander,TRUE
SCKHP1PA,y6ZXyYam,892b7d74,Demonstrates how to hook up power and dust collection,TRUE
4KRWF6D0,y6ZXyYam,892b7d74,Demonstrates how to adjust the handle,TRUE
J9SPO95S,8JYsNyZX,w0rAZkVr,Demonstrates how to clock the sander,TRUE
3NXAIM38,8JYsNyZX,wuKpcL6E,Can give 3 examples of uses of this sander,TRUE
L6QFY590,y6ZXyYam,wuKpcL6E,Demonstrates how to install a clutch plate,TRUE
0P4YWGYI,8JYsNyZX,wuKpcL6E,"Can list the uses, and demonstrates using a red pad",TRUE
VI9TCBDO,8JYsNyZX,wuKpcL6E,"Can list the uses, and demonstrates using a white pad",TRUE
3RRG0681,8JYsNyZX,wuKpcL6E,"Can list the uses, and demonstrates using a driver pad",TRUE
PAHRLI9B,8JYsNyZX,wuKpcL6E,"Can list the uses, and demonstrates using a marron pad with PSA paper",TRUE
VZLVU0QY,8JYsNyZX,wuKpcL6E,"Can list the uses, and demonstrates using a Diamabrush",TRUE
BRWQFYWD,8JYsNyZX,wuKpcL6E,Demonstrates cutting and using a carpet pad to apply stain without leaving heavy or light spots,TRUE
5FTHSC77,8JYsNyZX,wuKpcL6E,"Demonstrates control over buffer ""can maneuver easily""",TRUE
SYZ7PN4J,8JYsNyZX,wuKpcL6E,"Can explain the purpose, and demonstrates clocking the buffer",TRUE
JVRH4KWE,y6ZXyYam,5hcRbvnh,Demonstrates connecting power and assembling dust collection with separator,TRUE
RNJG6UJ5,y6ZXyYam,5hcRbvnh,Demonstrates emptying dust properly without making a mess,TRUE
4QQOZ8FU,y6ZXyYam,5hcRbvnh,Demonstrates cleaning the pleated filter,TRUE
S9JMBSHL,y6ZXyYam,5hcRbvnh,Can explain what hose's go to what machines,TRUE
C1P7KRDR,y6ZXyYam,5hcRbvnh,Can explain how and why to create proper suction on dust collection,TRUE
1OX1KKMP,8JYsNyZX,URQkKiX4,Demonstrates hand sanding with a block,TRUE
AUDY3TQB,8JYsNyZX,URQkKiX4,Can give 3 examples of where hand sanding should be preformed,TRUE
RAB6NAGO,8JYsNyZX,URQkKiX4,Demonstrates hand sanding 3 different areas,TRUE
RP6J3O7U,8JYsNyZX,pqGF3XS4,Can explain when and why this equipment should be used,TRUE
3KY7EPOB,y6ZXyYam,pqGF3XS4,Demonstrates rasing and lowering wheels,TRUE
FP0F3K7G,y6ZXyYam,pqGF3XS4,Can explain each switch function,TRUE
RUSGMRKN,y6ZXyYam,pqGF3XS4,Demonstrates how to properly adjust water flow,TRUE
7FP7ZK5J,y6ZXyYam,pqGF3XS4,Demonstrates filling with clean water and attaching to machine making sure it is seated properly,TRUE
RTCX3RW7,8JYsNyZX,pqGF3XS4,Can list the proper mix ratio and demonstrates mixing at least 2 different types of cleaners,TRUE
X5YGJY35,8JYsNyZX,pqGF3XS4,Demonstrates how to overlap passes,TRUE
XX1XFIOU,8JYsNyZX,pqGF3XS4,Demonstrates removing most of the water off the floor,TRUE
6CC2HLTH,y6ZXyYam,pqGF3XS4,"Can explain how to tell when to empty, and how to empty the dirty water tank",TRUE
CMC8VNO7,y6ZXyYam,pqGF3XS4,Demonstrates hooking up the wand and turning water off when wand is attached,TRUE
MRG732UP,8JYsNyZX,pqGF3XS4,Demonstrates how to properly clean the machine after use,TRUE
DRI2086G,8JYsNyZX,pqGF3XS4,Demonstrates how to properly load and secure equipment not to damage it,TRUE
YCJYY3CL,8JYsNyZX,Ixl0CN1T,Can show what a sharp/dull scraper looks like,TRUE
LTIWO528,8JYsNyZX,Ixl0CN1T,Demonstrates how to burr scaraper,TRUE
WZ3VYSTO,8JYsNyZX,Ixl0CN1T,Demonstrates how shape burr,TRUE
1rDGyY3J,8JYsNyZX,Ixl0CN1T,Demonstrates how to scrape coating with out damaging surface,TRUE
WKNxdhnI,8JYsNyZX,3XcqjAUc,Can explain why not to sharpen the scraper over a raw floor,TRUE
irePrvaV,8JYsNyZX,3XcqjAUc,Demonstrates how to sharpen scraper,TRUE
SOI6gRMe,8JYsNyZX,3XcqjAUc,Demonstrates how scrape corners,TRUE
5Ce8YxwK,8JYsNyZX,3XcqjAUc,Demonstrates how scrape casings,TRUE
0hDpr60r,8JYsNyZX,3XcqjAUc,Demonstrates how scrape under nosings,TRUE
nBDwFMjU,8JYsNyZX,u8Gm578Y,Demonstrates how to spot fill,TRUE
WHDmqhlk,8JYsNyZX,u8Gm578Y,Demonstrates how to full trowel fill,TRUE
Ms5Td1BQ,8JYsNyZX,u8Gm578Y,Demonstrates how to spread oil with precision and no mess,TRUE
75AA04AC,mnH38tQ0,60c96f41,Demonstrates how to prepare a tread with a return to be finished,TRUE
73950B84,mnH38tQ0,qeQ61e4G,Demonstrates how to run treads through drum sander,TRUE
96D31BFB,lq4mtIrq,RoVTI7IZ,"Demonstrates how to cut, remove and manage carpet in 4ft lengths",TRUE
FCD82D4C,lq4mtIrq,RoVTI7IZ,Demonstrates how to remove staples and tack strips and roll tack strips into carpet for disposal,TRUE
329F3618,y6ZXyYam,d0e51935,Can explain what the smallest width board you can rip on a table saw with out a push stick is,TRUE
2EA0B671,y6ZXyYam,8RQWGvmI,demonstrates adjusting psi to a tool,TRUE
C0BF198D,y6ZXyYam,AuenW7Lv,Demonstrates how to set miter saw up on stand and dust collection,TRUE
4C774664,y6ZXyYam,d0e51935,Demonstrates proper arm placement when using  a miter saw,TRUE
E805D5FF,y6ZXyYam,AuenW7Lv,Demonstrates how to slide saw while cutting properly,TRUE
ACDBA6B4,y6ZXyYam,AuenW7Lv,Demonstrates how to adjust the miter angle,TRUE
D9C535D6,y6ZXyYam,AuenW7Lv,Demonstrates how to adjust the bevel of the saw,TRUE
0EC2BE65,y6ZXyYam,AuenW7Lv,Demonstrates how to adjust the depth setting to not cut through a board,TRUE
9A578FFA,y6ZXyYam,p1tfKPMt,"Demonstrates  safe setup on flat, stable surface and hook up dust collection",TRUE
CEB3E96D,y6ZXyYam,p1tfKPMt,Demonstrates how to set blade height correctly,TRUE
B0F6BA2A,y6ZXyYam,p1tfKPMt,Demonstrates how to change the saw blade,TRUE
B9BA6A5A,y6ZXyYam,d0e51935,Demonstrates proper placement of hands when using table saw,TRUE
F28F5DDE,y6ZXyYam,p1tfKPMt,Demonstrates how to square and lock the fence,TRUE
8DFD1233,y6ZXyYam,p1tfKPMt,Demonstrates how to rip a board using miter fence,TRUE
55C1A42E,y6ZXyYam,p1tfKPMt,"Demonstrates how to rip a board without using miter fence ""how to free hand and flip""",TRUE
FEA67BF3,y6ZXyYam,p1tfKPMt,Demonstrates how to adjust bevel angle and make bevel cuts,TRUE
2DA8CCA6,y6ZXyYam,8RQWGvmI,can explain why some tools need different PSI and can give an example,TRUE
CD641DBE,y6ZXyYam,8RQWGvmI,"Demonstrates how to set up air compressor ""check oil"" make sure its not leaking oil",TRUE
3E3D011C,y6ZXyYam,8RQWGvmI,Demonstrates how to empty water out of tank and can explain how often it should be done,TRUE
3D6522F9,y6ZXyYam,dwLOfAHh,Demonstrates how to adjust base plate shoe for board thickness (if adjustable),TRUE
CA01467D,y6ZXyYam,dwLOfAHh,Demonstrates how to load staples correctly and identify when the magazine is empty,TRUE
9C460226,y6ZXyYam,dwLOfAHh,Demonstrates striking technique with mallet for consistent fastener seating,TRUE
A3D697C3,lq4mtIrq,zZPZD2B1,Demonstrates correct placement of fastener on board tongue (avoid splitting),TRUE
E1520AE5,y6ZXyYam,dwLOfAHh,Demonstrates how to handle jams and perform tool maintenance,TRUE
2F12CD2C,y6ZXyYam,7w84wGK9,Demonstrates how to safely install and tighten blade,TRUE
0EAF5E7A,y6ZXyYam,7w84wGK9,Demonstrates how to plunge cut accurately and reduce burning,TRUE
E68A857F,y6ZXyYam,7w84wGK9,Demonstrates control of the tool during use (no bouncing or overcutting),TRUE
2B3D596D,y6ZXyYam,Vm0bDEad,"Demonstrates hitting a joist and missing a joist, and can identify each",TRUE
FBF5EAF4,y6ZXyYam,Vm0bDEad,Demonstrates how to load the screw strip properly into the feed system,TRUE
9DC2353D,y6ZXyYam,Vm0bDEad,Demonstrates how to set and adjust screw depth using the tool’s depth setting,TRUE
2BCB4D0B,y6ZXyYam,Vm0bDEad,Demonstrates how to switch bits or attachments if worn or damaged,TRUE
CF059047,y6ZXyYam,Vm0bDEad,Demonstrates consistent screw spacing and fastening pattern across panel seams,TRUE
8750FACB,lq4mtIrq,OuwjWnon,Can explain how to inspect the substrate and identify high spots or low spots needing correction,TRUE
C452A471,y6ZXyYam,4HHiYc8N,can explain and demonstrates dust control requirements and connection to vacuum system,TRUE
F8413FD1,y6ZXyYam,4HHiYc8N,Demonstrates how to inspect and install the diamond cup wheel securely,TRUE
D9A79044,y6ZXyYam,4HHiYc8N,"Demonstrates how to safely start, handle, and stop the grinder",TRUE
6C27A65E,y6ZXyYam,4HHiYc8N,Demonstrates how to maintain consistent pressure and movement to avoid gouging the surface,TRUE
074A4E6C,y6ZXyYam,4HHiYc8N,Demonstrates how to verify flatness after grinding,TRUE
AAEC8564,y6ZXyYam,4HHiYc8N,Demonstrates how to clean and maintain grinder and vacuum components after use,TRUE
041DB97D,y6ZXyYam,IvLN5Yjj,Can List three applications for this nailer,TRUE
E18393BE,y6ZXyYam,IvLN5Yjj,Demonstrates how to nail on the tongue,TRUE
2CDB305F,y6ZXyYam,IvLN5Yjj,Demonstrates how to load nails and check magazine for jams,TRUE
2B826BA3,y6ZXyYam,IvLN5Yjj,Demonstrates how to adjust depth dial,TRUE
1FF073AA,lq4mtIrq,zZPZD2B1,Demonstrates how to top nail while hiding nail hole in the grain,TRUE
9F824623,y6ZXyYam,IvLN5Yjj,Demonstrates how to clear misfires and perform basic maintenance,TRUE
0A683C23,y6ZXyYam,ITy6b1Yo,Can List two different applications for this nailer?,TRUE
0D6C3A94,y6ZXyYam,ITy6b1Yo,Demonstrates how to load brads and check magazine for jams,TRUE
175CB2F9,y6ZXyYam,ITy6b1Yo,Demonstrates how to adjust depth dial,TRUE
91C326D3,lq4mtIrq,zZPZD2B1,Can explain how to avoid splitting materials,TRUE
783DE8E3,y6ZXyYam,PNsHlFI3,"Demonstrates how to load pin nails into the magazine ""facing the right way""",TRUE
0B811D08,y6ZXyYam,m5QjJdsc,Demonstrates how to load cleats correctly and identify when the magazine is empty,TRUE
42BAFE6A,y6ZXyYam,m5QjJdsc,Demonstrates how to position nailer accurately on the tongue,TRUE
08274F1F,y6ZXyYam,m5QjJdsc,Demonstrates striking technique with mallet for consistent fastener seating,TRUE
6562B6CA,y6ZXyYam,m5QjJdsc,Demonstrates how to handle jams and perform tool maintenance,TRUE
81595090,y6ZXyYam,kOCN2ZqG,can list 3 appropriate applications for this saw,TRUE
78A867AE,y6ZXyYam,kOCN2ZqG,"Demonstrates how to align track for accurate, splinter-free cuts along layout marks",TRUE
BFBF84F0,y6ZXyYam,kOCN2ZqG,Demonstrates securing the track to prevent shifting during the cut,TRUE
1D1616FD,y6ZXyYam,kOCN2ZqG,Demonstrates how to change the saw blade,TRUE
0095F0FB,y6ZXyYam,kOCN2ZqG,Can list the parts to check on the saw before use to insure the saw is in good working order,TRUE
56AC03A4,y6ZXyYam,SRdgJTrq,can explain appropriate applications for this saw,TRUE
21B16913,y6ZXyYam,SRdgJTrq,can explain limitations in cut accuracy compared to other saw types,TRUE
FC99CB8E,y6ZXyYam,HPhf0Y8d,Can explain the different router types and when to use each. Can explain common flooring applications for this equipment,TRUE
19752CE9,y6ZXyYam,HPhf0Y8d,Understands bit types and how to select the correct bit for the task,TRUE
6C05DFBD,y6ZXyYam,HPhf0Y8d,Can explain depth-of-cut limits to avoid burning or tear-out,TRUE
6D571402,y6ZXyYam,d0e51935,Demonstrates how to safely install and remove router bits,TRUE
9A8BE844,y6ZXyYam,HPhf0Y8d,Demonstrates how to set cutting depth and lock base properly,TRUE
A9F421FF,y6ZXyYam,HPhf0Y8d,Demonstrates how to move router with consistent speed and direction for clean edges,TRUE
201B5DD8,y6ZXyYam,HPhf0Y8d,Demonstrates proper clamping or support of workpiece when routing,TRUE
8AA3595E,y6ZXyYam,HPhf0Y8d,explain how to inspect and maintain bit and router condition,TRUE
E305865C,lq4mtIrq,eslQG0vy,Can explain the purpose of acclimation,TRUE
D9E6964A,lq4mtIrq,eslQG0vy,Can list NWFA temperature and relative humidity (RH) requirements for acclimation,TRUE
E4EDB759,lq4mtIrq,eslQG0vy,Can explain acceptable MC range between flooring and subfloor for strip and plank,TRUE
DC20D70F,lq4mtIrq,eslQG0vy,Demonstrates how find and read the MC RH chart,TRUE
2FB91C55,lq4mtIrq,eslQG0vy,Demonstrates how to measure and compare wood moisture content (MC) of flooring and subfloor,TRUE
F1FBF2E0,lq4mtIrq,eslQG0vy,Demonstrates how to use a hygrometer to record temperature and RH inside the space,TRUE
D55B0110,lq4mtIrq,eslQG0vy,Demonstrates how to set species on pinless moisture meter correctly for both flooring and subfloor,TRUE
80914098,lq4mtIrq,eslQG0vy,Demonstrates how to take and log multiple MC readings across bundles and locations,TRUE
85228C2E,lq4mtIrq,eslQG0vy,"Demonstrates how to document acclimation data including temp, RH, date, location, subfloor and flooring MC",TRUE
FAECA195,lq4mtIrq,OuwjWnon,Can explain NWFA flatness requirements for wood and concrete subfloors,TRUE
D34C956A,lq4mtIrq,OuwjWnon,Demonstrates how to determine the thickness of the subfloor and document it,TRUE
2D884F52,lq4mtIrq,OuwjWnon,Can explain why having a clean substrate free of paint and dust is important,TRUE
FB3DBAFC,lq4mtIrq,OuwjWnon,Demonstrates how to check for flatness,TRUE
606C72DD,lq4mtIrq,OuwjWnon,Demonstrates sanding seams and high spots with an edger to be flat,TRUE
518D9192,lq4mtIrq,A2hFlbMU,Demonstrates how to determine the proper direction of the flooring installation,TRUE
A9A60564,lq4mtIrq,A2hFlbMU,Demonstrates how to mark out and snap the working line for first row alignment,TRUE
DB9F8718,lq4mtIrq,A2hFlbMU,Can explain and show what are the best types of boards for a starter row,TRUE
AF6F4C8B,lq4mtIrq,A2hFlbMU,Demonstrates how to properly fasten a starter row,TRUE
E5822AC4,lq4mtIrq,A2hFlbMU,Demonstrates how to check first rows for square and straightness before continuing,TRUE
487B30C5,lq4mtIrq,F83DCVWf,"Can explain what type and when to use moisture barriers, based on subfloor type",TRUE
6D77CAB2,lq4mtIrq,F83DCVWf,Demonstrates how to roll on a moisture barrier on the substrate,TRUE
4FADEB28,lq4mtIrq,F83DCVWf,Demonstrates how to install sheet moisture barrier/ underlayment,TRUE
92E785ED,lq4mtIrq,RoVTI7IZ,"Demonstrates how to remove existing Carpet, padding and tackstrip",TRUE
AAA38A1E,lq4mtIrq,RoVTI7IZ,Demonstrates how to remove existing Hardwood flooring,TRUE
9CF669CA,lq4mtIrq,RoVTI7IZ,Demonstrates how to remove existing tile,TRUE
FFE0ECBA,lq4mtIrq,KWmgyl3h,"Can explain the importance of properly prepping to pour leveler ""what are we watching for""",TRUE
BD64BA0E,lq4mtIrq,KWmgyl3h,Demonstrates how to determine where and how much self lever should be used using laser or level,TRUE
B4024FC1,lq4mtIrq,KWmgyl3h,Demonstrates how to use tape on plywood seams,TRUE
6E01001C,lq4mtIrq,KWmgyl3h,Demonstrates how to roll install foam round edges of wall,TRUE
2A1396D2,lq4mtIrq,KWmgyl3h,Demonstrates how to create dams around vents and other plain change areas,TRUE
799AA751,lq4mtIrq,KWmgyl3h,Demonstrates How to properly mix selflever with whale tail and vac.,TRUE
5BDB86C4,lq4mtIrq,KWmgyl3h,Demonstrates how to pour self leveler in proper areas,TRUE
217323F3,lq4mtIrq,KWmgyl3h,Demonstrates how to use leveler rake to move material,TRUE
5A41B73D,lq4mtIrq,KWmgyl3h,Demonstrates how to use spike roller to break surface tension and help self leveling to work,TRUE
0EB64C48,lq4mtIrq,KWmgyl3h,Demonstrates how to feather edges with hand trowel,TRUE
542B5C96,lq4mtIrq,KWmgyl3h,Demonstrates how to roll on a moisture barrier on selflever,TRUE
C6193AA4,lq4mtIrq,KWmgyl3h,Demonstrates how to Properly clean leveling equipment,TRUE
0B740C4E,lq4mtIrq,zZPZD2B1,Can explain fastener schedule. Demonstrates proper nail spacing and starting/stopping zones,TRUE
A6D373DF,lq4mtIrq,Z2PjMsAC,Demonstrates using a chisel or flathead screw driver to tighten rows,TRUE
C3A94202,lq4mtIrq,Z2PjMsAC,Demonstrates using a mallet to hit top of flooring to get row tight,TRUE
265DA95F,lq4mtIrq,Z2PjMsAC,"Demonstrates how to use a wall jack without damaging the wall ""use blocks""",TRUE
8134AE99,lq4mtIrq,Z2PjMsAC,Demonstrates how tou use top nails and glue for final rows,TRUE
EAC5A01D,lq4mtIrq,Z2PjMsAC,Demonstrates how to scribe a wall using flooring and leaving proper spacing from the wall,TRUE
1AFFBF42,8JYsNyZX,wuKpcL6E,Demonstrates how to cut a carpet pad and how to attach it to buffer propely,TRUE
0435A410,mnH38tQ0,60c96f41,Demonstrates how to sand a standard tread,TRUE
9C41AB6A,8JYsNyZX,IVNvFqkz,Can identify the different types of roller covers,TRUE
DA377DB1,8JYsNyZX,paZTuwn4,Can give 3 examples of surfaces that need to be protected and how to protect them,TRUE
9554A4D0,y6ZXyYam,mvaMS4IU,Demonstrates how to adjust the sandpaper tracking,TRUE
0E6A4BC0,8JYsNyZX,aUcOjURA,"Can explain the differences of staining maple, and pine",TRUE
8DB2C8CE,8JYsNyZX,5egAWOly,Can explain when and why to change your sandpaper,TRUE
5D6C20D7,8JYsNyZX,5egAWOly,Can Identify chatter and can explain how to remove it,TRUE
4673BEAE,y6ZXyYam,5hcRbvnh,Can explain where dust removed from the machine should be kept,TRUE
F1B6E0A6,8JYsNyZX,u8Gm578Y,Can explain when a floor should be spot filled and what can be filled,TRUE
A35F0CB0,8JYsNyZX,u8Gm578Y,Can explain when a floor should be full trowel filled,TRUE
6AD47741,mnH38tQ0,60c96f41,Can explain the entire process to prepare a tread to be stained and finished,TRUE
892AF772,8JYsNyZX,5egAWOly,Can explain the sanding sequence using the belt sander,TRUE
7F28FF08,8JYsNyZX,w0rAZkVr,Can explain the sanding sequence of the planetary sander,TRUE
4B7A7E16,8JYsNyZX,w0rAZkVr,can explain & demonstrates how to clean and transport sander,TRUE
A1DF7AB8,8JYsNyZX,OrFf5BQ7,Demonstrates hooking up power 5 times,TRUE
7FEE22D6,y6ZXyYam,PNsHlFI3,can give examples of what materials this nailer should be used on and can explain the limitations in holding strength and when micro pins are not appropriate,TRUE
BA488612,y6ZXyYam,PNsHlFI3,Demonstrates how to adjust depth dial,TRUE
FF296F69,y6ZXyYam,m5QjJdsc,Can explain what flooring type this should be used on and why,TRUE
ABD4E573,y6ZXyYam,dwLOfAHh,Demonstrates how to position nailer accurately on the tongue,TRUE
3F0FC8D1,lq4mtIrq,zZPZD2B1,"Demonstrates precise control for clean, slightly sunk fastener placement",TRUE
09D3BD2D,y6ZXyYam,218pXetn,Demonstrates how to change the felt head on wand,TRUE
D4DB45B1,y6ZXyYam,p1tfKPMt,Can explain proper table saw care and maintenance,TRUE
8F1901CF,y6ZXyYam,8RQWGvmI,Can explain what to do if sounds like the compressor is starting rough and what to check,TRUE
CB6F406E,y6ZXyYam,8RQWGvmI,Demonstrates how to inspect for damage or air leaks before use,TRUE
8CBF0F8F,y6ZXyYam,ITy6b1Yo,Demonstrates how to clear misfires and perform basic maintenance,TRUE
6FD41AB8,y6ZXyYam,m5QjJdsc,Demonstrates how to adjust base plate shoe for board thickness (if adjustable),TRUE
2EE921A9,y6ZXyYam,dwLOfAHh,Can explain what flooring type this should be used on and why,TRUE
446DF9E7,y6ZXyYam,kOCN2ZqG,"Demonstrates properly setting up the saw for use, setting depth, power, dust collection",TRUE
791702A4,y6ZXyYam,SRdgJTrq,Demonstrates how to change the saw blade,TRUE
A090ADA3,y6ZXyYam,SRdgJTrq,Demonstrates how to adjust the bevel of the saw,TRUE
643002AD,y6ZXyYam,AuenW7Lv,Can list 3 appropriate applications for this saw,TRUE
55E211A8,y6ZXyYam,p1tfKPMt,can list 2 appropriate applications for this saw,TRUE
453CDDEC,y6ZXyYam,7w84wGK9,Can list 3 appropriate applications for this saw,TRUE
D5B0D742,lq4mtIrq,OuwjWnon,"Can list 3 different types of substrates, and give an example of a subfloor hardwood can not be laid over",TRUE
3438EE2E,lq4mtIrq,Jc2ZE54P,Can explain how to how to properly rack out a floor,TRUE
0212711D,lq4mtIrq,d0e51935,Can explain why sharp saw blades are important and can explain signs of a dull blade,TRUE
141BCECD,lq4mtIrq,zZPZD2B1,Can list all nailers and what materials they should be used on,TRUE
53AE7A10,y6ZXyYam,JwKpj746,can explain why it needs to be transported standing up right,TRUE
E08C89FC,y6ZXyYam,JwKpj746,can explain where the dial needs to be set for proper use,TRUE
BF45C2F9,lq4mtIrq,eslQG0vy,Can explain how many MC readings should be taken on the subfloor and the flooring depending on Sq. ft.,TRUE
119E792C,lq4mtIrq,ZRM4lJaP,Can explain what surfaces need to be protected before work starts,TRUE
A0B8865A,lq4mtIrq,ZRM4lJaP,Demonstrates how to protect carpet,TRUE
298D0D3B,lq4mtIrq,ZRM4lJaP,Demonstrates how to protect other solid surface flooring,TRUE
044F68BF,lq4mtIrq,ZRM4lJaP,Can list the different materials we use to protect clients homes,TRUE
0A26DEE0,lq4mtIrq,Jc2ZE54P,Has written a numbered procedure of the installation process for unfinished strip flooring with 90%,TRUE
DE9AF07B,lq4mtIrq,Jc2ZE54P,Can list all tools needed for installing a new hardwood floor,TRUE
C1541C55,lq4mtIrq,ZRM4lJaP,Can explain what tapes can be safely used on what surfaces,TRUE
1B5CA77F,lq4mtIrq,A2hFlbMU,Can explain best points of reference to establish a starter row,TRUE
F05DD512,da36834f,1b33a884,Can explain where to find what work is being preformed at a project,TRUE
E9C81311,da36834f,1b33a884,Demonstrates listing all trim and flooring work to be completed on a project by looking at the invoice to supervisor,TRUE
AD381BAE,lq4mtIrq,RoVTI7IZ,"Can explain what Prep should be done for tile, hardwood, vinyl and carpet demo",TRUE
962C7D47,lq4mtIrq,zZPZD2B1,"Can explain when to use micro pins, brads, finish nails, cleats, staples, and screws.",TRUE
DCF08015,lq4mtIrq,F83DCVWf,Can explain what moisture barrier should be used over a unconditioned space,TRUE
D7ACB928,lq4mtIrq,F83DCVWf,Can explain what moisture barrier/ underlayment should be used based on installation method,TRUE
8D77ED63,lq4mtIrq,F83DCVWf,Can explain what moisture barrier should be used and how much for wood substrates over conditioned space,TRUE
2283CE59,P9555qGZ,p2jULjQk,Can give 3 examples of when a board should be replaced,TRUE
D3CCBF6F,P9555qGZ,p2jULjQk,Can explain the entire process of replacing a board in an existing floor,TRUE
076F442C,P9555qGZ,p2jULjQk,Can list the tools needed for a board replacement,TRUE
11C5DF74,P9555qGZ,p2jULjQk,Demonstrates prepping a board to install into a existing floor for a repair,TRUE
DD34953D,P9555qGZ,p2jULjQk,Demonstrates removing an existing board in a floor,TRUE
ED61916E,P9555qGZ,p2jULjQk,Demonstrates installing a new board into a existing floor,TRUE
A0F371D9,P9555qGZ,p2jULjQk,Can explain the difference between doing a prefinished and a site finished board replacement,TRUE
B53B00AF,P9555qGZ,vJKsuIYp,Can give 3 examples of when sanding or a top coat repair is needed,TRUE
8CFC6832,P9555qGZ,vJKsuIYp,Can explain the entire process of sanding and finishing an existing board in a floor,TRUE
AEE61790,P9555qGZ,vJKsuIYp,Can list the tools and materials needed to do a sand/ top coat repair,TRUE
F5055E26,P9555qGZ,vJKsuIYp,Demonstrates prepping an area for a sanding or top coat repair,TRUE
CA02C8F4,P9555qGZ,vJKsuIYp,"Demonstrates the sanding, scraping process for a single board repair",TRUE
2143D8D3,P9555qGZ,vJKsuIYp,"Demonstrates applying all top coats, including the expansion of the repair for  the final coat",TRUE
860038A5,P9555qGZ,vJKsuIYp,Can explain how a repair area should be laid out,TRUE
FB697556,P9555qGZ,019gGUrt,Can explain when wax or putty should be used,TRUE
DBC4FADF,P9555qGZ,019gGUrt,Can list the tools and materials needed to do way or putty repairs,TRUE
24A78EDD,P9555qGZ,019gGUrt,Can explain the entire process of doing a wax repair,TRUE
C28BB219,P9555qGZ,019gGUrt,Demonstrates prepping an area for a wax repair,TRUE
73C24CB8,P9555qGZ,019gGUrt,Demonstrates color matching wax,TRUE
3A6FE8CF,P9555qGZ,019gGUrt,Demonstrates creating color variations into the wax,TRUE
7E5C6270,P9555qGZ,019gGUrt,Demonstrates removing excess wax so repair is flat,TRUE
60BBDE92,P9555qGZ,019gGUrt,Demonstrates blending sheen to match rest of floor,TRUE
BF968297,P9555qGZ,019gGUrt,Demonstrates color matching putty,TRUE
67D531A5,P9555qGZ,019gGUrt,Demonstrates applying putty and properly cleaning area that was puttied,TRUE
7982C9E7,P9555qGZ,oHXXraXf,Can explain when hotmelt filler should be used,TRUE
F763F005,P9555qGZ,oHXXraXf,Can list the materials and equipment needed for hotmelt filler,TRUE
58153A9A,P9555qGZ,oHXXraXf,Can explain the entire process of using hotmelt filler,TRUE
6E1E099E,P9555qGZ,oHXXraXf,Demonstrates doing a hotmelt fill and making it flat,TRUE
70521BC4,lq4mtIrq,OuwjWnon,Demonstrates hitting a joist and missing a joist with the quick drive,TRUE
D7894DF0,lq4mtIrq,OuwjWnon,Can explain the distance quick drive screws should be apart,TRUE
6FBCA1FC,lq4mtIrq,OuwjWnon,Can list the entire process of prepping a wood subfloor for installation,TRUE
235200C3,lq4mtIrq,227dd553,Can give 2 examples of when to use turn boards and picture frames,TRUE
536B97B6,lq4mtIrq,d744f473,"Can explain when a glue assist, vs full glue down is required",TRUE
CC34784A,lq4mtIrq,A2hFlbMU,Can explain why we use blocks on a starter row,TRUE
0083AD41,lq4mtIrq,A2hFlbMU,Can explain the entire process of stetting up a starter row,TRUE
EEDEECCF,lq4mtIrq,A2hFlbMU,Can list the equipment and materials needed to install a starter row,TRUE
26AFAAD5,lq4mtIrq,LjRTUptc,Demonstrates  undercutting door a door jamb and casing to the proper height,TRUE
EFD29835,lq4mtIrq,Z2PjMsAC,Can explain the proper distance of an expansion joint and why it is needed,TRUE
4ED2ABED,lq4mtIrq,Z2PjMsAC,Can explain the entire close out process,TRUE
EFA43B78,lq4mtIrq,Z2PjMsAC,Can list the materials and equipment need to do a close out,TRUE
D5E37579,lq4mtIrq,227dd553,Demonstrates installing a turn board with no gaps,TRUE
3EBFE808,lq4mtIrq,227dd553,Demonstrates installing a picture frame around a hearth,TRUE
3C20F670,lq4mtIrq,1DmB6lgI,Can explain the entire process of installing a wood flush mount vent,TRUE
8088F3F8,lq4mtIrq,1DmB6lgI,Can explain the entire process of installing a metal flush mount vent,TRUE
399CB2F3,lq4mtIrq,1DmB6lgI,Can list all equipment and materials to install a wood flush mount vent,TRUE
337874DF,lq4mtIrq,1DmB6lgI,Can list all equipment and materials to install a metal flush mount vent,TRUE
358F80CC,lq4mtIrq,1DmB6lgI,Demonstrates installing a metal flush mount vent,TRUE
B5FBD755,lq4mtIrq,OuwjWnon,Can list the equipment and materials needed to prep a sub floor for installation,TRUE
39F3CAAF,mnH38tQ0,8e1648f9,"Can explain what the maximum riser height difference can be, and what is the maximum riser height",TRUE
F331C4FB,mnH38tQ0,8e1648f9,Can explain the entire process to install a new standard tread,TRUE
450A8ABD,mnH38tQ0,8e1648f9,Can list all equipment and materials for installing new treads,TRUE
2F8CD293,mnH38tQ0,b47eb96a,Demonstrates how to remove old carpet and staples,TRUE
7F0AE27E,mnH38tQ0,b47eb96a,Demonstrates cutting back existing treads flush with riser,TRUE
AD02D84A,mnH38tQ0,8e1648f9,"Demonstrates finding the ""high spot"" on tread base",TRUE
0E3D4EBD,mnH38tQ0,8e1648f9,Demonstrates using the stair wizard to lay out cuts,TRUE
78794880,mnH38tQ0,8e1648f9,Demonstrates leveling a tread front to back and side to side,TRUE
00476DC9,mnH38tQ0,8e1648f9,Can explain when a tread needs a return and Demonstrates cutting and installing one,TRUE
F8EACDA2,mnH38tQ0,8e1648f9,Demonstrates using a bevel square to lay out cuts,TRUE
FA4FFFF8,mnH38tQ0,8e1648f9,Demonstrates Installing a standard riser,TRUE
03EDF0C1,mnH38tQ0,8e1648f9,Demonstrates installing cove molding,TRUE
101D6862,lq4mtIrq,A2hFlbMU,Can explain how the starter row direction and placement should be determined,TRUE
1FEDCB9B,lq4mtIrq,A2hFlbMU,Demonstrates using working lines on a herring bone to keep the installation straight,TRUE
FB6655C1,y6ZXyYam,wuKpcL6E,demonstrates changing the heads on a Diamabrush,TRUE
453D1042,8JYsNyZX,pqGF3XS4,Can list the 4 different cleaners A2HW uses and how to use them,TRUE
8F6C2D52,8JYsNyZX,o4Iw2Zba,Can identify humps and dips from the edger,TRUE
EFC22E11,mnH38tQ0,08b34561,Demonstrates staining a set of treads without getting stain on other adjoining surfaces,TRUE
CE780CE0,8JYsNyZX,Ixl0CN1T,Can give 2 examples of where a cabinet scraper should be used,TRUE
7D9223EC,y6ZXyYam,7a8214e2,Demonstrates changing from Rotex mode to orbital,TRUE
52AA56D5,y6ZXyYam,7a8214e2,Demonstrates changing the speed and can give an example of why you would change the speed,TRUE
7AA701FB,8JYsNyZX,w0rAZkVr,Demonstrates going through entire sanding sequence on a project,TRUE
4A7D6A43,8JYsNyZX,paZTuwn4,"Has documented with company cam 3 existing damaged walls, or trim",TRUE
BF233AA5,8JYsNyZX,paZTuwn4,"Demonstrates sealing cabinets, or an area with plastic",TRUE
5211CC48,mnH38tQ0,08b34561,Can explain the finishing sequence and what materials are used on a stained tread,TRUE
DE0C3666,8JYsNyZX,HiwY3UPz,Can explain the importance of tacking and how to do it,TRUE
55D2CFBD,8JYsNyZX,LKh05ag6,Demonstrates sanding a toe kick leaving a flat surface,TRUE
84EFC7E1,da36834f,0c8a97a4,Has clocked in and out  using ADP app for a week into the correct project,TRUE
1CFF90C5,da36834f,3eeb1815,Has used company cam to photograph existing damage,TRUE
5E318F08,da36834f,3eeb1815,Has completed 3 tasks in Company Cam,TRUE
CB51C9BB,da36834f,52c2ffd8,Has used Bolo forms to have a client do a stain sign off,TRUE
B76EB98B,lq4mtIrq,d744f473,"Demonstrates using standup trowel with precision, leaving the proper amount of adhesive while no excess adhesive on other adjoining surfaces",TRUE
68D0283C,lq4mtIrq,d744f473,"Demonstrates applying adhesive on subfloor with a sausage gun out getting  it on the surface of the flooring, or other surrounding surfaces",TRUE
7A81460C,lq4mtIrq,d744f473,"Demonstrates using a standard trowel with precision, leaving the proper amount of adhesive while no excess adhesive on other adjoining surfaces",TRUE
03C0163E,lq4mtIrq,d744f473,Can list 3 different Bona trowel types and their uses,TRUE
988DCAF7,y6ZXyYam,JwKpj746,Can explain where to put clear tube,TRUE
5DB02A78,y6ZXyYam,d0e51935,Can list the proper PPE when using pneumatic equipment,TRUE
C235653B,y6ZXyYam,d0e51935,Can the first step to clear a jamb or do any work to a Pneumatic tool,TRUE
342521AC,y6ZXyYam,d0e51935,Can list the proper PPE when using sanding or grinding equipment,TRUE
3B63586C,y6ZXyYam,d0e51935,Can list the proper PPE when using saws,TRUE
1334DD2D,y6ZXyYam,d0e51935,Can explain the first step to change a blade or do any work to a power tool,TRUE
617BE82C,y6ZXyYam,d0e51935,Can explain minimum board length to cut on a miter saw,TRUE
B8591B06,y6ZXyYam,AuenW7Lv,Demonstrates changing the blade,TRUE
BE1ED935,y6ZXyYam,p1tfKPMt,Can list the parts to check on the saw before use to insure the saw is in good working order,TRUE
D7E667EB,y6ZXyYam,hKsfkYwk,Can explain when to change the rubber pad,TRUE
1DB3E212,lq4mtIrq,227dd553,Demonstrates making a custom reducer,TRUE
AAEA2BA9,lq4mtIrq,227dd553,Demonstrates caulking and filling  shoe or base leaving a clean joint and smooth surface,TRUE
04422F6B,lq4mtIrq,227dd553,Can explain and demonstrates how to find studs to nail base to,TRUE
E90C7180,lq4mtIrq,227dd553,Demonstrates measuring a room for base or shoe with little to no short measurements,TRUE
9C98E697,lq4mtIrq,227dd553,Demonstrates making returns on shoe for an entire project,TRUE
96244C02,lq4mtIrq,227dd553,Demonstrates cutting shoe for an entire project,TRUE
A0312250,lq4mtIrq,227dd553,Demonstrates installing shoe with no gaps to the subfloor using the proper fasting schedule for an entire project,TRUE
F4848974,lq4mtIrq,A2hFlbMU,Demonstrates using a trammel To create working lines,TRUE
A4306F33,lq4mtIrq,Jc2ZE54P,Demonstrates continuing an installation around a wall in a closet or bedroom,TRUE
21F4244F,lq4mtIrq,Jc2ZE54P,Can List three differences between installing an unfinished floor and a prefinished floor?,TRUE
F669D986,da36834f,3eeb1815,Can  navigate to the final quality control and project communication checklists,TRUE
7928A94A,da36834f,3eeb1815,"Has taken all after photos for a project using the before, and after template",TRUE
D24DDBAF,da36834f,6c46d76e,Has logged in to Google Calendar and can see projects and can  see attaced invoices,TRUE
D63E181C,lq4mtIrq,eslQG0vy,Has physically installed a FID box,TRUE
1BAB045E,y6ZXyYam,d0e51935,Can explain proper hand placement when using a pneumatic nailer,TRUE
3A508050,da36834f,0c8a97a4,"Has signed up for ADP run using personal email not work email, and logged in.",TRUE
B0DA9CC2,lq4mtIrq,Z2PjMsAC,Demonstrates using wedges or wedge blocks to keep last piece tight,TRUE
6A534D8F,lq4mtIrq,Jc2ZE54P,Demonstrates adding a bevel to a board that had been cut on a prefinished floor,TRUE
C3FE6829,lq4mtIrq,Jc2ZE54P,Demonstrates using a sander On a slight angle to make a precise fitment of a cut that was slightly off,TRUE